,covid_business_standard,covid_business_today,covid_education_diary,covid_india_today,covid_livemint,covid_livemint1,covid_thehindu,covid_thehindu2,covid_the_times_of_india
covid_business_standard,0.0,12.547169811320755,11.304347826086957,12.727272727272727,11.290322580645162,12.380952380952381,13.0,15.416666666666666,12.571428571428571
covid_business_today,12.547169811320755,0.0,11.904761904761905,15.0,11.290322580645162,12.272727272727273,13.333333333333334,13.870967741935484,12.962962962962964
covid_education_diary,11.304347826086957,11.904761904761905,0.0,11.73913043478261,10.588235294117647,11.666666666666666,12.222222222222221,11.904761904761905,11.304347826086957
covid_india_today,12.727272727272727,15.0,11.73913043478261,0.0,11.851851851851851,12.941176470588236,12.941176470588236,16.0,12.222222222222221
covid_livemint,11.290322580645162,11.290322580645162,10.588235294117647,11.851851851851851,0.0,10.0,11.578947368421053,13.125,10.909090909090908
covid_livemint1,12.380952380952381,12.272727272727273,11.666666666666666,12.941176470588236,10.0,0.0,12.0,12.571428571428571,11.348314606741573
covid_thehindu,13.0,13.333333333333334,12.222222222222221,12.941176470588236,11.578947368421053,12.0,0.0,18.235294117647058,12.5
covid_thehindu2,15.416666666666666,13.870967741935484,11.904761904761905,16.0,13.125,12.571428571428571,18.235294117647058,0.0,12.954545454545455
covid_the_times_of_india,12.571428571428571,12.962962962962964,11.304347826086957,12.222222222222221,10.909090909090908,11.348314606741573,12.5,12.954545454545455,0.0
